,Unnamed: 0.1,Unnamed: 0,r_empkep_rs_fix_r,Tb7_empkep_rs_fix_r,Tb7_empkep_rs_fix_r_prediction,Tb7_empkep_rs_err_qtl,bff_tb7,bff_err_tb7,Tb6_empkep_rs_fix_r,Tb6_empkep_rs_fix_r_prediction,Tb6_empkep_rs_err_qtl,bff_tb6,bff_err_tb6,Texe_rs_empkep_fix_r,Texe_err_rs_empkep_fix_r,Ncol_rs_empkep_fix_r,Ncol_err_rs_empkep_fix_r,Tau_nu_b6,Tau_nu_errs_b6,Tau_nu_b7,Tau_nu_errs_b7,r_empkep_rs_fix_r.1,Tb7_empkep_rs_fix_r.1,Tb7_empkep_rs_fix_r_prediction.1,Tb7_empkep_rs_err_qtl.1,bff_tb7.1,bff_err_tb7.1,Tb6_empkep_rs_fix_r.1,Tb6_empkep_rs_fix_r_prediction.1,Tb6_empkep_rs_err_qtl.1,bff_tb6.1,bff_err_tb6.1,Texe_rs_empkep_fix_r.1,Texe_err_rs_empkep_fix_r.1,Ncol_rs_empkep_fix_r.1,Ncol_err_rs_empkep_fix_r.1,Tau_nu_b6.1,Tau_nu_errs_b6.1,Tau_nu_b7.1,Tau_nu_errs_b7.1,r_empkep_rs_fix_r.2,Tb7_empkep_rs_fix_r.2,Tb7_empkep_rs_fix_r_prediction.2,Tb7_empkep_rs_err_qtl.2,bff_tb7.2,bff_err_tb7.2,Tb6_empkep_rs_fix_r.2,Tb6_empkep_rs_fix_r_prediction.2,Tb6_empkep_rs_err_qtl.2,bff_tb6.2,bff_err_tb6.2,Texe_rs_empkep_fix_r.2,Texe_err_rs_empkep_fix_r.2,Ncol_rs_empkep_fix_r.2,Ncol_err_rs_empkep_fix_r.2,Tau_nu_b6.2,Tau_nu_errs_b6.2,Tau_nu_b7.2,Tau_nu_errs_b7.2,r_empkep_rs_fix_r,Tb7_empkep_rs_fix_r,Tb7_empkep_rs_fix_r_prediction,Tb7_empkep_rs_err_qtl,bff_tb7,bff_err_tb7,Tb6_empkep_rs_fix_r,Tb6_empkep_rs_fix_r_prediction,Tb6_empkep_rs_err_qtl,bff_tb6,bff_err_tb6,Texe_rs_empkep_fix_r,Texe_err_rs_empkep_fix_r,Ncol_rs_empkep_fix_r,Ncol_err_rs_empkep_fix_r,Tau_nu_b6,Tau_nu_errs_b6,Tau_nu_b7,Tau_nu_errs_b7
0,0,0,0.3,0.1808606535196304,83.8609736447246,[[76.51412815 76.57721334]],0.0120230203261417,0.09,0.0587430521845817,64.53084997218652,[[60.90182361 98.26762532]],0.0120230203261417,0.09,102.54527751178952,"[65.3025609970777, 65.72040316920794]",1.198573412614012e+16,"[1.1347423669259692e+16, 2.3478415468684394e+17]",1.0915592711388535,[[  1.06901928 139.49788302]],2.159674150955155,[[  2.11280016 220.70961123]],0.3,0.1808606535196304,83.8609736447246,[[76.51412815 76.57721334]],0.0120230203261417,0.09,0.0587430521845817,64.53084997218652,[[60.90182361 98.26762532]],0.0120230203261417,0.09,102.54527751178952,"[65.3025609970777, 65.72040316920794]",1.198573412614012e+16,"[1.1347423669259692e+16, 2.3478415468684394e+17]",1.0915592711388535,[[  1.06901928 139.49788302]],2.159674150955155,[[  2.11280016 220.70961123]],0.3,0.1808606535196304,83.8609736447246,[[76.51412815 76.57721334]],0.0120230203261417,0.09,0.0587430521845817,64.53084997218652,[[60.90182361 98.26762532]],0.0120230203261417,0.09,102.54527751178952,"[65.3025609970777, 65.72040316920794]",1.198573412614012e+16,"[1.1347423669259692e+16, 2.3478415468684394e+17]",1.0915592711388535,[[  1.06901928 139.49788302]],2.159674150955155,[[  2.11280016 220.70961123]],0.3,0.18086065351963043,186.13995180324616,[[9.43085165 4.46430366]],0.012023020326141776,0.09,0.05874305218458176,188.50849773105898,[[11.36895002  4.49323812]],0.012023020326141776,0.09,193.98384103702722,"[9.422235150398876, 4.4667166993526735]",3.2936801242164365e+17,"[1.767366456819337e+17, 3.700533287944169e+17]",8.82930177315957,[[ 4.91473575 11.82176093]],18.551955381655684,[[10.3142225  24.69019522]]
1,1,1,0.6,0.2883378863334656,88.3476151406472,[[80.78030089 73.6352758 ]],0.0428861736770619,0.09,0.1315499544143676,71.08642463821216,[[67.35069389 93.27024082]],0.0428861736770619,0.09,103.56817686900082,"[66.64681084171629, 66.24333188007655]",1.441042729136726e+16,"[1.3747768266687632e+16, 2.5592953310865194e+17]",1.2879855336092745,[[  1.26499579 155.01401726]],2.5515151085825107,[[  2.50367191 244.48249203]],0.6,0.2883378863334656,88.3476151406472,[[80.78030089 73.6352758 ]],0.0428861736770619,0.09,0.1315499544143676,71.08642463821216,[[67.35069389 93.27024082]],0.0428861736770619,0.09,103.56817686900082,"[66.64681084171629, 66.24333188007655]",1.441042729136726e+16,"[1.3747768266687632e+16, 2.5592953310865194e+17]",1.2879855336092745,[[  1.26499579 155.01401726]],2.5515151085825107,[[  2.50367191 244.48249203]],0.6,0.2883378863334656,88.3476151406472,[[80.78030089 73.6352758 ]],0.0428861736770619,0.09,0.1315499544143676,71.08642463821216,[[67.35069389 93.27024082]],0.0428861736770619,0.09,103.56817686900082,"[66.64681084171629, 66.24333188007655]",1.441042729136726e+16,"[1.3747768266687632e+16, 2.5592953310865194e+17]",1.2879855336092745,[[  1.26499579 155.01401726]],2.5515151085825107,[[  2.50367191 244.48249203]],0.6,0.2883378863334656,187.31753362637724,[[6.36231044 3.56461527]],0.042886173677061934,0.09,0.13154995441436768,189.6915820501786,[[8.31162536 3.58812927]],0.042886173677061934,0.09,195.1620699407275,"[6.3522677183816825, 3.566527948536134]",3.4128406572379846e+17,"[1.810545419378297e+17, 3.674644510164254e+17]",9.041775330770577,[[ 4.94350299 10.98112043]],19.006154932053384,[[10.38103688 22.98770954]]
2,2,2,0.9,0.2099069207906723,85.49840514900275,[[78.04879903 74.51251352]],0.0888860078653254,0.09,0.0868582725524902,68.24014836733278,[[64.55874395 94.13014079]],0.0888860078653254,0.09,101.236947211113,"[64.86155381790431, 66.6011502539838]",1.3343526082750202e+16,"[1.2697357863324692e+16, 2.313696775094918e+17]",1.2450532877199691,[[  1.22212334 143.85939339]],2.459314952588947,[[  2.41163946 225.6814903 ]],0.9,0.2099069207906723,85.49840514900275,[[78.04879903 74.51251352]],0.0888860078653254,0.09,0.0868582725524902,68.24014836733278,[[64.55874395 94.13014079]],0.0888860078653254,0.09,101.236947211113,"[64.86155381790431, 66.6011502539838]",1.3343526082750202e+16,"[1.2697357863324692e+16, 2.313696775094918e+17]",1.2450532877199691,[[  1.22212334 143.85939339]],2.459314952588947,[[  2.41163946 225.6814903 ]],0.9,0.2099069207906723,85.49840514900275,[[78.04879903 74.51251352]],0.0888860078653254,0.09,0.0868582725524902,68.24014836733278,[[64.55874395 94.13014079]],0.0888860078653254,0.09,101.236947211113,"[64.86155381790431, 66.6011502539838]",1.3343526082750202e+16,"[1.2697357863324692e+16, 2.313696775094918e+17]",1.2450532877199691,[[  1.22212334 143.85939339]],2.459314952588947,[[  2.41163946 225.6814903 ]],0.9,0.2099069207906723,87.96539629878727,[[19.76032384 56.51095041]],0.08888600786532541,0.09,0.08685827255249023,71.13999030549317,[[14.91123698 74.39703734]],0.08888600786532541,0.09,102.82290288142937,"[24.04826340025059, 49.476766825630506]",1.4461232739275784e+16,"[3184496834341684.0, 9.548567612040634e+16]",1.3102942999668759,[[ 0.82763461 15.10277475]],2.5933377840365286,[[ 1.59776051 28.65764804]]
3,3,3,1.2,0.1704866141080856,79.40816652005589,[[72.03338253 78.09370248]],0.1468684226890785,0.09,0.0632792338728904,61.39834316896439,[[57.74854808 98.45635522]],0.1468684226890785,0.09,97.51124628774376,"[62.85284484710871, 67.81591976675949]",1.096725208652245e+16,"[1.033520135569977e+16, 2.2130644639627725e+17]",1.0983265703390768,[[  1.07523475 148.32651128]],2.158827211503912,[[  2.11087206 228.69989469]],1.2,0.1704866141080856,79.40816652005589,[[72.03338253 78.09370248]],0.1468684226890785,0.09,0.0632792338728904,61.39834316896439,[[57.74854808 98.45635522]],0.1468684226890785,0.09,97.51124628774376,"[62.85284484710871, 67.81591976675949]",1.096725208652245e+16,"[1.033520135569977e+16, 2.2130644639627725e+17]",1.0983265703390768,[[  1.07523475 148.32651128]],2.158827211503912,[[  2.11087206 228.69989469]],1.2,0.1704866141080856,79.40816652005589,[[72.03338253 78.09370248]],0.1468684226890785,0.09,0.0632792338728904,61.39834316896439,[[57.74854808 98.45635522]],0.1468684226890785,0.09,97.51124628774376,"[62.85284484710871, 67.81591976675949]",1.096725208652245e+16,"[1.033520135569977e+16, 2.2130644639627725e+17]",1.0983265703390768,[[  1.07523475 148.32651128]],2.158827211503912,[[  2.11087206 228.69989469]],1.2,0.17048661410808563,53.97265961403351,[[18.24199107 80.28796599]],0.14686842268907851,0.09,0.06327923387289047,36.59375024870014,[[16.4040055  64.99917901]],0.14686842268907851,0.09,86.1027978110254,"[38.76885599630242, 71.13157195959485]",4775116526928289.0,"[1229298704358533.0, 2.2713632622862976e+16]",0.6039850558968909,[[0.46126388 9.73268245]],1.166311304956543,[[ 0.8711262  16.47520142]]
4,4,4,1.5,0.2315607517957687,77.37481654417148,[[70.14537782 80.08021152]],0.2137040687296383,0.09,0.1161451786756515,59.09979798600107,[[ 55.52271343 100.68860879]],0.2137040687296383,0.09,96.4945058213913,"[61.36433859255964, 68.78578927282712]",1.0243684748506096e+16,"[9624524756961496.0, 2.0922278546871136e+17]",1.046318296568705,[[  1.02368504 136.96802887]],2.053703251999118,[[  2.00670147 212.23962855]],1.5,0.2315607517957687,77.37481654417148,[[70.14537782 80.08021152]],0.2137040687296383,0.09,0.1161451786756515,59.09979798600107,[[ 55.52271343 100.68860879]],0.2137040687296383,0.09,96.4945058213913,"[61.36433859255964, 68.78578927282712]",1.0243684748506096e+16,"[9624524756961496.0, 2.0922278546871136e+17]",1.046318296568705,[[  1.02368504 136.96802887]],2.053703251999118,[[  2.00670147 212.23962855]],1.5,0.2315607517957687,77.37481654417148,[[70.14537782 80.08021152]],0.2137040687296383,0.09,0.1161451786756515,59.09979798600107,[[ 55.52271343 100.68860879]],0.2137040687296383,0.09,96.4945058213913,"[61.36433859255964, 68.78578927282712]",1.0243684748506096e+16,"[9624524756961496.0, 2.0922278546871136e+17]",1.046318296568705,[[  1.02368504 136.96802887]],2.053703251999118,[[  2.00670147 212.23962855]],1.5,0.23156075179576874,45.10796979061481,[[ 8.70278247 31.36892541]],0.21370406872963832,0.09,0.11614517867565155,45.77538273057238,[[12.64180892 33.01999939]],0.21370406872963832,0.09,52.796402679842934,"[6.554628011719721, 31.38453445103334]",1.0747723996769834e+16,"[6519838163651420.0, 2.3225728601067155e+17]",3.329177078035034,[[ 2.77138519 91.88170366]],5.844887259711474,[[  4.7714927  155.60620776]]
5,5,5,1.8,0.2895959317684173,69.17547692585786,[[61.84111284 84.67312387]],0.2863258809287944,0.09,0.1390946954488754,51.10100122416949,[[ 47.46269401 105.04149737]],0.2863258809287944,0.09,91.25065607178294,"[59.00797912548248, 70.42042195607604]",7970987122775344.0,"[7353291114042506.0, 1.8746414531759213e+17]",0.9043379343557112,[[  0.88077477 140.91013597]],1.7612858149146116,[[  1.71243942 211.34756046]],1.8,0.2895959317684173,69.17547692585786,[[61.84111284 84.67312387]],0.2863258809287944,0.09,0.1390946954488754,51.10100122416949,[[ 47.46269401 105.04149737]],0.2863258809287944,0.09,91.25065607178294,"[59.00797912548248, 70.42042195607604]",7970987122775344.0,"[7353291114042506.0, 1.8746414531759213e+17]",0.9043379343557112,[[  0.88077477 140.91013597]],1.7612858149146116,[[  1.71243942 211.34756046]],1.8,0.2895959317684173,69.17547692585786,[[61.84111284 84.67312387]],0.2863258809287944,0.09,0.1390946954488754,51.10100122416949,[[ 47.46269401 105.04149737]],0.2863258809287944,0.09,91.25065607178294,"[59.00797912548248, 70.42042195607604]",7970987122775344.0,"[7353291114042506.0, 1.8746414531759213e+17]",0.9043379343557112,[[  0.88077477 140.91013597]],1.7612858149146116,[[  1.71243942 211.34756046]],1.8,0.28959593176841736,43.08248889180159,[[ 8.76617336 50.79410784]],0.2863258809287944,0.09,0.13909469544887543,38.41049033270226,[[11.60901013 57.80799454]],0.2863258809287944,0.09,53.34021727380811,"[8.208590023356294, 48.28280319102551]",5290534250816484.0,"[1766230770931175.0, 1.4079271641418042e+17]",1.609020062170757,[[ 1.28253095 58.12044982]],2.831959712680572,[[ 2.18673986 97.75890445]]
6,6,6,2.1,0.3568670451641083,63.11511351853723,[[56.82252461 87.62078902]],0.3618400135277045,0.09,0.1389000564813614,45.448087185745386,[[ 42.32564908 107.38722723]],0.3618400135277045,0.09,87.737327861404,"[55.43786477163742, 70.81882751896282]",6573761630402189.0,"[6053562253598783.0, 1.5226259918746698e+17]",0.8027551397729189,[[  0.78215212 114.11920826]],1.5545209143196776,[[  1.51187883 171.26286473]],2.1,0.3568670451641083,63.11511351853723,[[56.82252461 87.62078902]],0.3618400135277045,0.09,0.1389000564813614,45.448087185745386,[[ 42.32564908 107.38722723]],0.3618400135277045,0.09,87.737327861404,"[55.43786477163742, 70.81882751896282]",6573761630402189.0,"[6053562253598783.0, 1.5226259918746698e+17]",0.8027551397729189,[[  0.78215212 114.11920826]],1.5545209143196776,[[  1.51187883 171.26286473]],2.1,0.3568670451641083,63.11511351853723,[[56.82252461 87.62078902]],0.3618400135277045,0.09,0.1389000564813614,45.448087185745386,[[ 42.32564908 107.38722723]],0.3618400135277045,0.09,87.737327861404,"[55.43786477163742, 70.81882751896282]",6573761630402189.0,"[6053562253598783.0, 1.5226259918746698e+17]",0.8027551397729189,[[  0.78215212 114.11920826]],1.5545209143196776,[[  1.51187883 171.26286473]],2.1,0.3568670451641083,46.98390606929251,[[13.55402029  9.89272161]],0.36184001352770456,0.09,0.1389000564813614,30.034374801547763,[[12.53503306  8.63781835]],0.36184001352770456,0.09,88.83248063701241,"[38.862177483480714, 68.17209833816777]",3739811170411785.0,"[700430077825804.0, 1478667413077154.0]",0.44620381428301853,[[0.32352155 1.33668202]],0.8656504108713086,[[0.61194199 2.22137194]]
7,7,7,2.4,0.3327460587024688,56.235886094434186,[[50.26971771 93.90583317]],0.4376374130815039,0.09,0.1387374103069305,39.297215153181135,[[ 36.33724917 112.63748315]],0.4376374130815039,0.09,84.20262922668877,"[54.183520264526855, 73.76005273438471]",5234973856722192.0,"[4743738057844300.0, 1.3396275757755798e+17]",0.6903267016164517,[[  0.6707296  112.89463028]],1.3284927642343327,[[  1.28794521 164.41225191]],2.4,0.3327460587024688,56.235886094434186,[[50.26971771 93.90583317]],0.4376374130815039,0.09,0.1387374103069305,39.297215153181135,[[ 36.33724917 112.63748315]],0.4376374130815039,0.09,84.20262922668877,"[54.183520264526855, 73.76005273438471]",5234973856722192.0,"[4743738057844300.0, 1.3396275757755798e+17]",0.6903267016164517,[[  0.6707296  112.89463028]],1.3284927642343327,[[  1.28794521 164.41225191]],2.4,0.3327460587024688,56.235886094434186,[[50.26971771 93.90583317]],0.4376374130815039,0.09,0.1387374103069305,39.297215153181135,[[ 36.33724917 112.63748315]],0.4376374130815039,0.09,84.20262922668877,"[54.183520264526855, 73.76005273438471]",5234973856722192.0,"[4743738057844300.0, 1.3396275757755798e+17]",0.6903267016164517,[[  0.6707296  112.89463028]],1.3284927642343327,[[  1.28794521 164.41225191]],2.4,0.33274605870246887,40.22511721114685,[[13.82201276 56.57191665]],0.43763741308150395,0.09,0.13873741030693054,26.631312833365996,[[12.92070688 34.74665378]],0.43763741308150395,0.09,74.9661291415626,"[35.050777566308916, 75.7144471087041]",2947604932337462.0,"[678215701682515.5, 9621990969347990.0]",0.4823457082939861,[[0.38319321 5.87844534]],0.9107210466352473,[[0.70638905 9.40879976]]
8,8,8,2.7,0.2053307294845581,44.96538647745041,[[ 39.84158033 104.25309716]],0.5114821287208138,0.09,0.1248251870274543,29.910382410105857,[[ 27.37058487 118.78897573]],0.5114821287208138,0.09,79.32197148573803,"[52.37519102607732, 77.75822027340524]",3517318138101940.5,"[3098482229576630.5, 9.422580642285882e+16]",0.5183625363041047,[[ 0.50147224 94.37965722]],0.988104842451248,[[  0.95317409 130.93059795]],2.7,0.2053307294845581,44.96538647745041,[[ 39.84158033 104.25309716]],0.5114821287208138,0.09,0.1248251870274543,29.910382410105857,[[ 27.37058487 118.78897573]],0.5114821287208138,0.09,79.32197148573803,"[52.37519102607732, 77.75822027340524]",3517318138101940.5,"[3098482229576630.5, 9.422580642285882e+16]",0.5183625363041047,[[ 0.50147224 94.37965722]],0.988104842451248,[[  0.95317409 130.93059795]],2.7,0.2053307294845581,44.96538647745041,[[ 39.84158033 104.25309716]],0.5114821287208138,0.09,0.1248251870274543,29.910382410105857,[[ 27.37058487 118.78897573]],0.5114821287208138,0.09,79.32197148573803,"[52.37519102607732, 77.75822027340524]",3517318138101940.5,"[3098482229576630.5, 9.422580642285882e+16]",0.5183625363041047,[[ 0.50147224 94.37965722]],0.988104842451248,[[  0.95317409 130.93059795]],2.7,0.2053307294845581,23.58458221845838,[[ 7.76575209 87.46586704]],0.5114821287208138,0.09,0.12482518702745438,22.42368748546072,[[12.62858761 90.97438605]],0.5114821287208138,0.09,33.052209716908,"[7.116397783392209, 85.77429108552619]",2351581782706083.0,"[1039740080061151.5, 1.3206059148967794e+17]",1.6376180836922356,[[  1.54728875 136.99604379]],2.484978346815278,[[  2.30311217 186.71272025]]
9,9,9,3.0,0.1672036200761795,41.20631103566316,[[ 35.9262155  109.18115831]],0.5815673892199709,0.09,0.1160366684198379,27.30282904994662,[[ 24.68697886 121.84155671]],0.5815673892199709,0.09,75.89095881073192,"[49.98767850604378, 82.38406300416787]",3061104978353882.5,"[2626717503052669.0, 9.061267370382664e+16]",0.4896817591809326,[[ 0.47241842 96.31706427]],0.926530965333495,[[  0.89080626 131.10725756]],3.0,0.1672036200761795,41.20631103566316,[[ 35.9262155  109.18115831]],0.5815673892199709,0.09,0.1160366684198379,27.30282904994662,[[ 24.68697886 121.84155671]],0.5815673892199709,0.09,75.89095881073192,"[49.98767850604378, 82.38406300416787]",3061104978353882.5,"[2626717503052669.0, 9.061267370382664e+16]",0.4896817591809326,[[ 0.47241842 96.31706427]],0.926530965333495,[[  0.89080626 131.10725756]],3.0,0.1672036200761795,41.20631103566316,[[ 35.9262155  109.18115831]],0.5815673892199709,0.09,0.1160366684198379,27.30282904994662,[[ 24.68697886 121.84155671]],0.5815673892199709,0.09,75.89095881073192,"[49.98767850604378, 82.38406300416787]",3061104978353882.5,"[2626717503052669.0, 9.061267370382664e+16]",0.4896817591809326,[[ 0.47241842 96.31706427]],0.926530965333495,[[  0.89080626 131.10725756]],3.0,0.1672036200761795,21.50461703208058,[[  9.31739461 102.81345995]],0.5815673892199709,0.09,0.11603666841983795,19.088415119776744,[[ 12.44447743 106.69802708]],0.5815673892199709,0.09,33.633036430479684,"[11.173972059803575, 98.48401895051074]",1647144605452951.0,"[689269489646981.5, 8.622130656272922e+16]",1.1142459808435266,[[  1.06037906 112.03922501]],1.7021646405989084,[[  1.59250318 141.45228408]]
10,10,10,3.3,0.1317248195409774,38.41442319537156,[[ 33.58721627 110.11438679]],0.6465377802310046,0.09,0.109623946249485,25.35892781809604,[[ 22.96646586 120.16807774]],0.6465377802310046,0.09,73.49304983909894,"[49.0396854328401, 83.01417946674124]",2742885729956919.0,"[2349813031273499.0, 7.863850066742946e+16]",0.4656125312835253,[[ 0.44964911 91.54892717]],0.8760729163852135,[[  0.84306911 121.02143379]],3.3,0.1317248195409774,38.41442319537156,[[ 33.58721627 110.11438679]],0.6465377802310046,0.09,0.109623946249485,25.35892781809604,[[ 22.96646586 120.16807774]],0.6465377802310046,0.09,73.49304983909894,"[49.0396854328401, 83.01417946674124]",2742885729956919.0,"[2349813031273499.0, 7.863850066742946e+16]",0.4656125312835253,[[ 0.44964911 91.54892717]],0.8760729163852135,[[  0.84306911 121.02143379]],3.3,0.1317248195409774,38.41442319537156,[[ 33.58721627 110.11438679]],0.6465377802310046,0.09,0.109623946249485,25.35892781809604,[[ 22.96646586 120.16807774]],0.6465377802310046,0.09,73.49304983909894,"[49.0396854328401, 83.01417946674124]",2742885729956919.0,"[2349813031273499.0, 7.863850066742946e+16]",0.4656125312835253,[[ 0.44964911 91.54892717]],0.8760729163852135,[[  0.84306911 121.02143379]],3.3,0.13172481954097748,19.309375430480596,[[ 10.16277568 107.42077441]],0.6465377802310046,0.09,0.10962394624948502,16.6334285111827,[[ 11.78966207 109.35593628]],0.6465377802310046,0.09,33.19709427183668,"[13.726549215063795, 101.3958736788729]",1305548869430506.2,"[601281801278270.9, 6.696620013754491e+16]",0.9025791527273858,[[  0.86435769 107.61809989]],1.3719260427211597,[[  1.29397347 124.57260094]]
11,11,11,3.6,0.0921586006879806,35.382944304817485,[[ 30.71102289 114.52251532]],0.7054803083024459,0.09,0.0932467356324195,22.855127213138967,[[ 20.54370275 117.04294423]],0.7054803083024459,0.09,73.89068584806233,"[50.098687046309834, 84.80121060420859]",2414437694852752.5,"[2030096051787012.0, 5.929630064524368e+16]",0.4057932201401609,[[ 0.39059609 72.38190087]],0.764247897319942,[[ 0.73279216 94.28047786]],3.6,0.0921586006879806,35.382944304817485,[[ 30.71102289 114.52251532]],0.7054803083024459,0.09,0.0932467356324195,22.855127213138967,[[ 20.54370275 117.04294423]],0.7054803083024459,0.09,73.89068584806233,"[50.098687046309834, 84.80121060420859]",2414437694852752.5,"[2030096051787012.0, 5.929630064524368e+16]",0.4057932201401609,[[ 0.39059609 72.38190087]],0.764247897319942,[[ 0.73279216 94.28047786]],3.6,0.0921586006879806,35.382944304817485,[[ 30.71102289 114.52251532]],0.7054803083024459,0.09,0.0932467356324195,22.855127213138967,[[ 20.54370275 117.04294423]],0.7054803083024459,0.09,73.89068584806233,"[50.098687046309834, 84.80121060420859]",2414437694852752.5,"[2030096051787012.0, 5.929630064524368e+16]",0.4057932201401609,[[ 0.39059609 72.38190087]],0.764247897319942,[[ 0.73279216 94.28047786]],3.6,0.09215860068798065,17.887245342873857,[[ 11.65905103 119.05600501]],0.7054803083024459,0.09,0.09324673563241959,12.886755693396351,[[  9.76742636 113.51588407]],0.7054803083024459,0.09,43.59704528054629,"[26.736562786588056, 102.38933170552164]",943935634546102.5,"[460604921229237.0, 4.849734699236796e+16]",0.4099990320769703,[[ 0.38755601 95.68264235]],0.6835643390305864,[[  0.63744314 100.25258   ]]
12,12,12,3.9,0.0970328524708747,33.39597737502665,[[ 28.90568561 118.53115294]],0.7578898976121622,0.09,0.0897578746080398,21.092359747100144,[[ 18.87427747 121.49717428]],0.7578898976121622,0.09,75.90480618494878,"[52.03245636289971, 84.67914733258267]",2221922993681272.5,"[1849320153306076.0, 6.283186182647224e+16]",0.3553186578877724,[[ 0.34091875 75.97889308]],0.6723224547720104,[[ 0.64248783 99.18249698]],3.9,0.0970328524708747,33.39597737502665,[[ 28.90568561 118.53115294]],0.7578898976121622,0.09,0.0897578746080398,21.092359747100144,[[ 18.87427747 121.49717428]],0.7578898976121622,0.09,75.90480618494878,"[52.03245636289971, 84.67914733258267]",2221922993681272.5,"[1849320153306076.0, 6.283186182647224e+16]",0.3553186578877724,[[ 0.34091875 75.97889308]],0.6723224547720104,[[ 0.64248783 99.18249698]],3.9,0.0970328524708747,33.39597737502665,[[ 28.90568561 118.53115294]],0.7578898976121622,0.09,0.0897578746080398,21.092359747100144,[[ 18.87427747 121.49717428]],0.7578898976121622,0.09,75.90480618494878,"[52.03245636289971, 84.67914733258267]",2221922993681272.5,"[1849320153306076.0, 6.283186182647224e+16]",0.3553186578877724,[[ 0.34091875 75.97889308]],0.6723224547720104,[[ 0.64248783 99.18249698]],3.9,0.09703285247087479,17.35829496454806,[[ 11.66001347 114.61811282]],0.7578898976121622,0.09,0.08975787460803986,11.509286167732684,[[ 8.67125137 90.89334172]],0.7578898976121622,0.09,52.00490175135759,"[35.05846071790694, 99.88016933209057]",889469618931858.6,"[434657772874107.44, 2.7032995777261704e+16]",0.2830511810373407,[[ 0.26348216 53.61322396]],0.4950884488682002,[[ 0.45473309 56.33112024]]
13,13,13,4.2,0.0828174576163292,32.668144351532035,[[ 28.26635527 118.92388777]],0.8036163132330322,0.09,0.0847625285387039,20.94862384022846,[[ 18.7750114  117.99707732]],0.8036163132330322,0.09,72.25194820564451,"[48.403358368528124, 88.62808323474945]",2144862962544384.8,"[1779185819860967.5, 5.610363626974453e+16]",0.3757206612989798,[[ 0.36163855 68.0778857 ]],0.7047900708228574,[[ 0.67560951 88.79378137]],4.2,0.0828174576163292,32.668144351532035,[[ 28.26635527 118.92388777]],0.8036163132330322,0.09,0.0847625285387039,20.94862384022846,[[ 18.7750114  117.99707732]],0.8036163132330322,0.09,72.25194820564451,"[48.403358368528124, 88.62808323474945]",2144862962544384.8,"[1779185819860967.5, 5.610363626974453e+16]",0.3757206612989798,[[ 0.36163855 68.0778857 ]],0.7047900708228574,[[ 0.67560951 88.79378137]],4.2,0.0828174576163292,32.668144351532035,[[ 28.26635527 118.92388777]],0.8036163132330322,0.09,0.0847625285387039,20.94862384022846,[[ 18.7750114  117.99707732]],0.8036163132330322,0.09,72.25194820564451,"[48.403358368528124, 88.62808323474945]",2144862962544385.2,"[1779185819860967.5, 5.610363626974453e+16]",0.3757206612989798,[[ 0.36163855 68.0778857 ]],0.7047900708228574,[[ 0.67560951 88.79378137]],4.2,0.0828174576163292,15.288697204438918,[[ 10.59022638 107.15845443]],0.8036163132330322,0.09,0.08476252853870392,9.715396131815732,[[ 7.38421233 76.9485379 ]],0.8036163132330322,0.09,56.155462256475765,"[40.10177245029577, 98.47013406842788]",765001993441801.2,"[386145584074151.06, 2.0154944660191948e+16]",0.21214801410325818,[[ 0.19639904 43.20738808]],0.3779677938516989,[[ 0.3454405  43.56424173]]
14,14,14,4.5,0.0725653767585754,31.057738399912296,[[ 26.84956862 118.77177091]],0.8427998756460123,0.09,0.0787948817014694,19.54526420685416,[[ 17.46545041 118.11440585]],0.8427998756460123,0.09,74.03028173717212,"[50.932098610981285, 85.00894726364803]",2000239480192739.2,"[1654003656828096.0, 5.55345015282811e+16]",0.335008930662765,[[ 0.32137614 70.66969829]],0.6311463833967103,[[ 0.60292351 90.61255651]],4.5,0.0725653767585754,31.057738399912296,[[ 26.84956862 118.77177091]],0.8427998756460123,0.09,0.0787948817014694,19.54526420685416,[[ 17.46545041 118.11440585]],0.8427998756460123,0.09,74.03028173717212,"[50.932098610981285, 85.00894726364803]",2000239480192739.2,"[1654003656828096.0, 5.55345015282811e+16]",0.335008930662765,[[ 0.32137614 70.66969829]],0.6311463833967103,[[ 0.60292351 90.61255651]],4.5,0.0725653767585754,31.057738399912296,[[ 26.84956862 118.77177091]],0.8427998756460123,0.09,0.0787948817014694,19.54526420685416,[[ 17.46545041 118.11440585]],0.8427998756460123,0.09,74.03028173717212,"[50.932098610981285, 85.00894726364803]",2000239480192739.2,"[1654003656828096.0, 5.55345015282811e+16]",0.335008930662765,[[ 0.32137614 70.66969829]],0.6311463833967103,[[ 0.60292351 90.61255651]],4.5,0.07256537675857544,13.462424870984252,[[ 9.34957503 92.23587317]],0.8427998756460123,0.09,0.07879488170146942,8.07683157350744,[[ 6.04201462 59.9283658 ]],0.8427998756460123,0.09,64.94795277547664,"[49.75881394036867, 92.28917928738531]",683688817500843.4,"[348397798163735.0, 1.4079088998905886e+16]",0.1456373760125834,[[ 0.13214218 32.79174057]],0.2677183686414922,[[ 0.2398067  31.62692223]]
15,15,15,4.8,0.0891943126916885,30.02262218882685,[[ 25.83319016 119.48257734]],0.875802859551749,0.09,0.0797589719295501,19.091173494378182,[[ 17.02039312 117.77423825]],0.875802859551749,0.09,70.92869719682014,"[48.35812667266406, 87.89559916351612]",1898915657043590.5,"[1554607085107170.2, 5.454618488218735e+16]",0.3441611335123481,[[ 0.33056882 71.80169639]],0.6434245056423931,[[ 0.61528856 90.88545827]],4.8,0.0891943126916885,30.02262218882685,[[ 25.83319016 119.48257734]],0.875802859551749,0.09,0.0797589719295501,19.091173494378182,[[ 17.02039312 117.77423825]],0.875802859551749,0.09,70.92869719682014,"[48.35812667266406, 87.89559916351612]",1898915657043590.5,"[1554607085107170.2, 5.454618488218735e+16]",0.3441611335123481,[[ 0.33056882 71.80169639]],0.6434245056423931,[[ 0.61528856 90.88545827]],4.8,0.0891943126916885,30.02262218882685,[[ 25.83319016 119.48257734]],0.875802859551749,0.09,0.0797589719295501,19.091173494378182,[[ 17.02039312 117.77423825]],0.875802859551749,0.09,70.92869719682014,"[48.35812667266406, 87.89559916351612]",1898915657043590.5,"[1554607085107170.2, 5.454618488218735e+16]",0.3441611335123481,[[ 0.33056882 71.80169639]],0.6434245056423931,[[ 0.61528856 90.88545827]],4.8,0.08919431269168854,14.592549863458805,[[ 10.01306565 110.2129354 ]],0.875802859551749,0.09,0.07975897192955017,9.044031175001553,[[ 6.76911976 81.75902409]],0.875802859551749,0.09,59.683095802596924,"[43.75488337301915, 92.94073039264323]",732739452647534.8,"[367323262316088.25, 2.1776692319552308e+16]",0.18203299104171336,[[ 0.16645659 47.02344419]],0.3287725575803046,[[ 0.29663741 47.15363357]]
16,16,16,5.1,0.0377146303653717,28.9301395159802,[[ 24.85631823 121.34095822]],0.903142409167354,0.09,0.061133686453104,17.921329087438938,[[ 15.90988263 117.34548965]],0.903142409167354,0.09,74.89812861341159,"[51.20227320643208, 85.27384614016839]",1818553017590512.8,"[1481658655451918.2, 5.155491967686512e+16]",0.2980876724585816,[[ 0.28500308 63.04841726]],0.5627331553738092,[[ 0.53562939 81.97506928]],5.1,0.0377146303653717,28.9301395159802,[[ 24.85631823 121.34095822]],0.903142409167354,0.09,0.061133686453104,17.921329087438938,[[ 15.90988263 117.34548965]],0.903142409167354,0.09,74.89812861341159,"[51.20227320643208, 85.27384614016839]",1818553017590512.8,"[1481658655451918.2, 5.155491967686512e+16]",0.2980876724585816,[[ 0.28500308 63.04841726]],0.5627331553738092,[[ 0.53562939 81.97506928]],5.1,0.0377146303653717,28.930139515980198,[[ 24.85631823 121.34095822]],0.903142409167354,0.09,0.061133686453104,17.921329087438938,[[ 15.90988263 117.34548965]],0.903142409167354,0.09,74.89812861341159,"[51.20227320643208, 85.27384614016839]",1818553017590512.8,"[1481658655451918.2, 5.155491967686512e+16]",0.2980876724585816,[[ 0.28500308 63.04841726]],0.5627331553738092,[[ 0.53562939 81.97506928]],5.1,0.037714630365371704,10.47385880203888,[[ 7.40577745 96.97006697]],0.903142409167354,0.09,0.06113368645310402,6.009858638229954,[[ 4.49843801 62.73630642]],0.903142409167354,0.09,72.74352468541323,"[59.06635167258507, 88.27075930508309]",540082842319603.8,"[286167341809776.06, 1.4628103368452608e+16]",0.0934317427817968,[[ 0.08366926 38.49217617]],0.17547598457219918,[[ 0.15524507 33.96660327]]
17,17,17,5.4,0.0147588178515434,33.353696030474055,[[ 28.84853221 115.83929526]],0.9254294060796728,0.09,0.0518998727202415,21.123952802901847,[[ 18.89642775 112.80106034]],0.9254294060796728,0.09,75.31768245374994,"[51.52501890629175, 83.87583982917477]",2216285302782108.0,"[1844959850790959.5, 4.989760642921185e+16]",0.3595473902541315,[[ 0.34495404 61.10604674]],0.6794149481890013,[[ 0.64920108 79.58233357]],5.4,0.0147588178515434,33.353696030474055,[[ 28.84853221 115.83929526]],0.9254294060796728,0.09,0.0518998727202415,21.123952802901847,[[ 18.89642775 112.80106034]],0.9254294060796728,0.09,75.31768245374994,"[51.52501890629175, 83.87583982917477]",2216285302782108.0,"[1844959850790959.5, 4.989760642921185e+16]",0.3595473902541315,[[ 0.34495404 61.10604674]],0.6794149481890013,[[ 0.64920108 79.58233357]],5.4,0.0147588178515434,33.353696030474055,[[ 28.84853221 115.83929526]],0.9254294060796728,0.09,0.0518998727202415,21.123952802901847,[[ 18.89642775 112.80106034]],0.9254294060796728,0.09,75.31768245374994,"[51.52501890629175, 83.87583982917477]",2216285302782108.0,"[1844959850790959.5, 4.989760642921185e+16]",0.3595473902541315,[[ 0.34495404 61.10604674]],0.6794149481890013,[[ 0.64920108 79.58233357]],5.4,0.014758817851543427,10.098891127429045,[[ 7.19579769 57.980402  ]],0.9254294060796728,0.09,0.05189987272024155,5.628300832398335,[[ 4.20376856 43.86020317]],0.9254294060796728,0.09,81.67254897416306,"[68.51694832561117, 85.32383474632219]",549044621027292.44,"[301876237425511.25, 6945194948598123.0]",0.07663779616025508,[[ 0.06778113 19.8973268 ]],0.14677946383989643,[[ 0.12837212 16.90611037]]
18,18,18,5.7,0.0391886569559574,29.959125174829904,[[ 25.7435448  120.78550637]],0.9433162238535482,0.09,0.046164970844984,18.76156495590198,[[ 16.68069975 115.80634123]],0.9433162238535482,0.09,73.79650722686227,"[50.594806776175815, 87.17836086592004]",1902234124760394.8,"[1552082691533583.2, 5.01916303421651e+16]",0.3204615475888433,[[ 0.30699265 63.53297079]],0.6034034211525838,[[ 0.57549221 81.6518199 ]],5.7,0.0391886569559574,29.959125174829904,[[ 25.7435448  120.78550637]],0.9433162238535482,0.09,0.046164970844984,18.76156495590198,[[ 16.68069975 115.80634123]],0.9433162238535482,0.09,73.79650722686227,"[50.594806776175815, 87.17836086592004]",1902234124760394.8,"[1552082691533583.2, 5.01916303421651e+16]",0.3204615475888433,[[ 0.30699265 63.53297079]],0.6034034211525838,[[ 0.57549221 81.6518199 ]],5.7,0.0391886569559574,29.959125174829904,[[ 25.7435448  120.78550637]],0.9433162238535482,0.09,0.046164970844984,18.76156495590198,[[ 16.68069975 115.80634123]],0.9433162238535482,0.09,73.79650722686227,"[50.594806776175815, 87.17836086592004]",1902234124760394.8,"[1552082691533583.2, 5.01916303421651e+16]",0.3204615475888433,[[ 0.30699265 63.53297079]],0.6034034211525838,[[ 0.57549221 81.6518199 ]],5.7,0.03918865695595741,10.192524407529682,[[ 7.20675555 67.60990931]],0.9433162238535482,0.09,0.046164970844984055,5.735916711452633,[[ 4.26887733 48.38119314]],0.9433162238535482,0.09,78.41127744309185,"[64.95608181491252, 86.59538331959354]",543231402532540.8,"[291366318433904.4, 8428613582604424.0]",0.0817935594300048,[[ 0.07255717 23.19663677]],0.15561816313938598,[[ 0.13643977 20.13760362]]
